P2,AÇø,A375~A378,03-0002-0001,760x1065,±§¸Ë
P2,AÇø,A305~A308,03-0002-0002,760x1065,±§¸Ë
P2,AÇø,A228~A232,03-0002-0003,760x1065,±§¸Ë
P2,AÇø,A352~A355,03-0002-0004,760x1065,±§¸Ë
P2,AÇø,A344~A347,03-0002-0005,760x1065,±§¸Ë
P2,AÇø,A361~A365,03-0002-0006,760x1065,±§¸Ë
P2,AÇø,A297~A294,03-0002-0007,760x1065,±§¸Ë
P2,AÇø,A215~A218,03-0002-0008,760x1065,±§¸Ë
P2,AÇø,A178~A180,03-0002-0009,760x1065,±§¸Ë
P2,AÇø,A121~A124,03-0002-0010,760x1065,±§¸Ë
P2,AÇø,A179~A182,03-0002-0011,760x1065,±§¸Ë
P2,AÇø,A127~A131,03-0002-0012,760x1065,±§¸Ë
P2,AÇø,A107~A110,03-0002-0013,760x1065,±§¸Ë
P2,AÇø,A078~A075,03-0002-0014,760x1065,±§¸Ë
P2,AÇø,A094~A102,03-0002-0015,760x1065,±§¸Ë
P2,AÇø,A334~A337,03-0002-0016,760x1065,±§¸Ë
P2,AÇø,A287~A290,03-0002-0017,760x1065,±§¸Ë
P2,AÇø,A210~A214,03-0002-0018,760x1065,±§¸Ë
P2,AÇø,A164~A167,03-0002-0019,760x1065,±§¸Ë
P2,AÇø,A146~A154,03-0002-0020,760x1065,±§¸Ë
P2,AÇø,A102~A094,03-0002-0021,760x1065,±§¸Ë
P2,AÇø,A070~A074,03-0002-0022,760x1065,±§¸Ë
P2,AÇø,A005~A008,03-0002-0023,760x1065,±§¸Ë
P2,AÇø,³öÈë¿Ú,03-0002-0024,760x1065,±§¸Ë
P2,BÇø,B260~B263,03-0002-0025,760x1065,±§¸Ë
P2,BÇø,B220~B213,03-0002-0026,760x1065,±§¸Ë
P2,BÇø,B400~B407,03-0002-0027,760x1065,±§¸Ë
P2,BÇø,B406~B409,03-0002-0028,760x1065,±§¸Ë
P2,BÇø,B423~B416,03-0002-0029,760x1065,±§¸Ë
P2,BÇø,B421~B424,03-0002-0030,760x1065,±§¸Ë
P2,BÇø,B392~B395,03-0002-0031,760x1065,±§¸Ë
P2,BÇø,B342~B345,03-0002-0032,760x1065,±§¸Ë
P2,BÇø,B304~B307,03-0002-0033,760x1065,±§¸Ë
P2,BÇø,B326~B322,03-0002-0034,760x1065,±§¸Ë
P2,BÇø,B376~B374,03-0002-0035,760x1065,±§¸Ë
P2,BÇø,B255~B251,03-0002-0036,760x1065,±§¸Ë
P2,BÇø,B288~B284,03-0002-0037,760x1065,±§¸Ë
P2,BÇø,B235~B231,03-0002-0038,760x1065,±§¸Ë
P2,BÇø,B245~B241,03-0002-0039,760x1065,±§¸Ë
P2,BÇø,B225~B221,03-0002-0040,760x1065,±§¸Ë
P2,BÇø,B188~B184,03-0002-0041,760x1065,±§¸Ë
P2,BÇø,B150~B146,03-0002-0042,760x1065,±§¸Ë
P2,BÇø,B207~B194,03-0002-0043,760x1065,±§¸Ë
P2,BÇø,B169~B156,03-0002-0044,760x1065,±§¸Ë
P2,BÇø,B118~B131,03-0002-0045,760x1065,±§¸Ë
P2,BÇø,B049~B035,03-0002-0046,760x1065,±§¸Ë
P2,,³öÈë¿Ú,03-0002-0047,760x1065,±§¸Ë
P2,,³öÈë¿Ú,03-0002-0048,760x1065,±§¸Ë
P2,CÇø,C030~C042,03-0002-0049,760x1065,±§¸Ë
P2,CÇø,C017~C020,03-0002-0050,760x1065,±§¸Ë
P2,CÇø,C073~C076,03-0002-0051,760x1065,±§¸Ë
P2,CÇø,C095~C098,03-0002-0052,760x1065,±§¸Ë
P2,CÇø,C140~C142,03-0002-0053,760x1065,±§¸Ë
P2,CÇø,C116~C120,03-0002-0054,760x1065,±§¸Ë
P2,CÇø,C164~C168,03-0002-0055,760x1065,±§¸Ë
P2,CÇø,C206~C209,03-0002-0056,760x1065,±§¸Ë
P2,CÇø,C228~C231,03-0002-0057,760x1065,±§¸Ë
P2,CÇø,C250~C253,03-0002-0058,760x1065,±§¸Ë
P2,CÇø,C284~C287,03-0002-0059,760x1065,±§¸Ë
P2,CÇø,C323~C326,03-0002-0060,760x1065,±§¸Ë
P2,CÇø,C288~C300,03-0002-0061,760x1065,±§¸Ë
P2,CÇø,C301~C315,03-0002-0062,760x1065,±§¸Ë
P2,CÇø,C265~C254,03-0002-0063,760x1065,±§¸Ë
P2,CÇø,C143~C144,03-0002-0064,760x1065,±§¸Ë
P2,CÇø,C043~C054,03-0002-0065,760x1065,±§¸Ë
P2,DÇø,D024~D036,03-0002-0066,760x1065,±§¸Ë
P2,DÇø,D012~D023,03-0002-0067,760x1065,±§¸Ë
P2,DÇø,D139~D140,03-0002-0068,760x1065,±§¸Ë
P2,DÇø,D197~D200,03-0002-0069,760x1065,±§¸Ë
P2,DÇø,D292~D304,03-0002-0070,760x1065,±§¸Ë
P2,DÇø,D305~D319,03-0002-0071,760x1065,±§¸Ë
P2,DÇø,D230~D236,03-0002-0072,760x1065,±§¸Ë
P2,DÇø,D165~D168,03-0002-0073,760x1065,±§¸Ë
P2,DÇø,D061~D050,03-0002-0074,760x1065,±§¸Ë
P2,DÇø,D049~D037,03-0002-0075,760x1065,±§¸Ë
P2,DÇø,D102~D105,03-0002-0076,760x1065,±§¸Ë
P2,DÇø,D288~D291,03-0002-0077,760x1065,±§¸Ë
P2,DÇø,D244~D247,03-0002-0078,760x1065,±§¸Ë
P2,DÇø,D150~D153,03-0002-0079,760x1065,±§¸Ë
P2,DÇø,D210~D213,03-0002-0080,760x1065,±§¸Ë
P2,DÇø,D175~D179,03-0002-0081,760x1065,±§¸Ë
P2,DÇø,D120~D122,03-0002-0082,760x1065,±§¸Ë
P2,DÇø,D266~D269,03-0002-0083,760x1065,±§¸Ë
P2,DÇø,D080~D083,03-0002-0084,760x1065,±§¸Ë
P2,DÇø,D326~D330,03-0002-0085,760x1065,±§¸Ë
P2,,DÇøEÇø³öÈë¿Ú,03-0002-0086,760x1065,±§¸Ë
P2,,CÇøDÇø³öÈë¿Ú,03-0002-0087,760x1065,±§¸Ë
P2,EÇø,E021~E030,03-0002-0088,760x1065,±§¸Ë
P2,EÇø,E031~E043,03-0002-0089,760x1065,±§¸Ë
P2,EÇø,E044~E048,03-0002-0090,760x1065,±§¸Ë
P2,EÇø,E052~E049,03-0002-0091,760x1065,±§¸Ë
P2,,EÇø³öÈë¿Ú,03-0002-0092,500x700,±§¸Ë
P2,EÇø,E183~E190,03-0002-0093,760x1065,±§¸Ë
P2,EÇø,E195~E191,03-0002-0094,760x1065,±§¸Ë
P2,EÇø,E264~E277,03-0002-0095,760x1065,±§¸Ë
P2,EÇø,E253~E263,03-0002-0096,760x1065,±§¸Ë
P2,EÇø,E118~E119,03-0002-0097,760x1065,±§¸Ë
P2,EÇø,E210~E214,03-0002-0098,760x1065,±§¸Ë
P2,EÇø,E249~E252,03-0002-0099,760x1065,±§¸Ë
P2,EÇø,E284~E288,03-0002-0100,760x1065,±§¸Ë
P2,EÇø,E230~E233,03-0002-0101,760x1065,±§¸Ë
P2,EÇø,E147~E151,03-0002-0102,760x1065,±§¸Ë
P2,EÇø,E179~E182,03-0002-0103,760x1065,±§¸Ë
P2,EÇø,E128~E132,03-0002-0104,760x1065,±§¸Ë
P2,EÇø,E106~E109,03-0002-0105,760x1065,±§¸Ë
P2,EÇø,E009~E020,03-0002-0106,760x1065,±§¸Ë
P2,EÇø,E171~E166,03-0002-0107,760x1065,±§¸Ë
P2,EÇø,E067~E071,03-0002-0108,760x1065,±§¸Ë
P2,EÇø,E087~E090,03-0002-0109,760x1065,±§¸Ë
P2,,³öÈë¿Ú,03-0002-0110,760x1065,±§¸Ë
P2,,A170~A165,03-0002-0111,760x1065,±§¸Ë
P2,,³öÈë¿Ú,03-0002-0112,760x1065,±§¸Ë
P2,DÇø,D037~D049,03-0002-0113,760x1065,±§¸Ë
